{
    "images":
    {
        "title":
        {
            "image" : "mainmenu:logo.png",
            "posX" : -95,
            "posY" : -100,
            "width" : 180,
            "height" : 180,
            "alignment" : "center"
        },
		
		"gray":
		{
			"image" : "mainmenu:gray.png",
			"posX" : 0,
            "posY" : 0,
            "width" : 10000,
            "height" : 5000,
            "alignment" : "top_left"
		}
    },
    
    "buttons":
    {
        "singleplayer":
        {
            "text" : "menu.singleplayer",
            "posX" : -105,
            "posY" : 38,
            "width" : 200,
            "height" : 20,
            "action" : 
            {
                "type" : "openGui",
                "gui" : "singleplayer"
            },
			"texture" : "mainmenu:button.png"
        },
        
        "multiplayer":
        {
            "text" : "menu.multiplayer",
            "posX" : -105,
            "posY" : 62,
            "width" : 200,
            "height" : 20,
            "action" : 
            {
                "type" : "openGui",
                "gui" : "multiplayer"
            },
			"texture" : "mainmenu:button.png"
        },
        
        "mods":
        {
            "text" : "fml.menu.mods",
            "posX" : -105,
            "posY" : 86,
            "width" : 200,
            "height" : 20,
            "action" : 
            {
                "type" : "openGui",
                "gui" : "mods"
            },
			"texture" : "mainmenu:button.png"
        },
            
        "options":
        {
            "text" : "menu.options",
            "posX" : -105,
            "posY" : 110,
            "width" : 98,
            "height" : 20,
            "action" : 
            {
                "type" : "openGui",
                "gui" : "options"
            },
			"texture" : "mainmenu:button_small.png"
        },
        
        "quit":
        {
            "text" : "menu.quit",
            "posX" : -3,
            "posY" : 110,
            "width" : 98,
            "height" : 20,
            "action" : 
            {
                "type" : "quit"
            },
			"texture" : "mainmenu:button_small.png"
        }
		
    },
    
    "labels":
    {
        "mojang":
        {
            "text" : "First Floor Kids Official",
            "hoverText" : "�n�6First Floor Kids Official",
            "posX" : -125,
            "posY" : -15,
            "color" : -1,
            "alignment" : "bottom_right"
        }
    },
    
    "other":
    {   
        "panorama":
        {
            "images" : "mainmenu:panorama/background_auto.jpg",
            "animate" : true,
            "animationSpeed" : 1,
            "blur" : true,
            "gradient" : true
        }
    }
}