{
    "images":
    {
        "title":
        {
            "image" : "mainmenu:logo.png",
            "posX" : 350,
            "posY" : 50,
            "width" : 256,
            "height" : 256,
            "alignment" : "top_left"
        },
		
		"gray":
		{
			"image" : "mainmenu:gray.png",
			"posX" : 50,
            "posY" : 0,
            "width" : 256,
            "height" : 5000,
            "alignment" : "top_left"
		}
    },
    
    "buttons":
    {
        "singleplayer":
        {
            "text" : "menu.singleplayer",
            "posX" : -240,
            "posY" : 48,
            "width" : 200,
            "height" : 20,
            "action" : 
            {
                "type" : "openGui",
                "gui" : "singleplayer"
            },
			"texture" : "mainmenu:button.png"
        },
        
        "multiplayer":
        {
            "text" : "menu.multiplayer",
            "posX" : -240,
            "posY" : 72,
            "width" : 200,
            "height" : 20,
            "action" : 
            {
                "type" : "openGui",
                "gui" : "multiplayer"
            },
			"texture" : "mainmenu:button.png"
        },
        
        "mods":
        {
            "text" : "fml.menu.mods",
            "posX" : -240,
            "posY" : 96,
            "width" : 200,
            "height" : 20,
            "action" : 
            {
                "type" : "openGui",
                "gui" : "mods"
            },
			"texture" : "mainmenu:button.png"
        },
            
        "options":
        {
            "text" : "menu.options",
            "posX" : -240,
            "posY" : 122,
            "width" : 98,
            "height" : 20,
            "action" : 
            {
                "type" : "openGui",
                "gui" : "options"
            },
			"texture" : "mainmenu:button_small.png"
        },
        
        "quit":
        {
            "text" : "menu.quit",
            "posX" : -137,
            "posY" : 122,
            "width" : 98,
            "height" : 20,
            "action" : 
            {
                "type" : "quit"
            },
			"texture" : "mainmenu:button_small.png"
        }
		
    },
    
    "labels":
    {
        "mojang":
        {
            "text" : "First Floor Kids Official",
            "hoverText" : "�n�6First Floor Kids Official",
            "posX" : -125,
            "posY" : -15,
            "color" : -1,
            "alignment" : "bottom_right"
        }
    },
    
    "other":
    {
        "splash-text":
        {
            "posX" : 230,
            "posY" : 270,
            "color" : -1,
            "alignment" : "top_center",
            "texts" : "file:mainmenu:splash.txt"
        },
        
        "panorama":
        {
            "images" : "mainmenu:panorama/background.png",
            "animate" : true,
            "animationSpeed" : 1,
            "blur" : true,
            "gradient" : true
        }
    }
}