{
	"biome": "biomesoplenty:corrupted_sands",
	"generationWeight": 8,
	"useDefaultDecorations": true,
	"isSubBiome": false,
	"isEnabled": true,
	"blocks": {},
	"entities": [
		{
			"entity": "minecraft:ghast",
			"spawnWeight": 50,
			"minimumGroupCount": 4,
			"maximumGroupCount": 4
		}, 
		{
			"entity": "minecraft:zombie_pigman",
			"spawnWeight": 100,
			"minimumGroupCount": 4,
			"maximumGroupCount": 4
		}, 
		{
			"entity": "minecraft:magma_cube",
			"spawnWeight": 2,
			"minimumGroupCount": 4,
			"maximumGroupCount": 4
		}, 
		{
			"entity": "minecraft:enderman",
			"spawnWeight": 1,
			"minimumGroupCount": 4,
			"maximumGroupCount": 4
		}
	],
	"traits": [],
	"subBiomes": []
}